{"cameraMode":{"drawMode":0,"name":"Shaded","section":"Shading Mode"},"sceneLighting":true,"audioPlay":false,"sceneViewState":{"m_AlwaysRefresh":false,"showFog":true,"showSkybox":true,"showFlares":true,"showImageEffects":true,"showParticleSystems":true,"showVisualEffectGraphs":true,"m_FxEnabled":true},"in2DMode":false,"pivot":{"x":125.66958618164063,"y":83.86859130859375,"z":-296.3421325683594},"rotation":{"x":-0.15240362286567689,"y":0.0014824776444584132,"z":0.00022860577155370265,"w":0.9883172512054443},"size":925.1615600585938,"orthographic":true}