{"cameraMode":{"drawMode":0,"name":"Shaded","section":"Shading Mode"},"sceneLighting":true,"audioPlay":false,"sceneViewState":{"m_AlwaysRefresh":false,"showFog":true,"showSkybox":true,"showFlares":true,"showImageEffects":true,"showParticleSystems":true,"showVisualEffectGraphs":true,"m_FxEnabled":true},"in2DMode":false,"pivot":{"x":341.828857421875,"y":981.3425903320313,"z":98.82452392578125},"rotation":{"x":-0.15240362286567689,"y":0.0014824776444584132,"z":0.00022860577155370265,"w":0.9883172512054443},"size":959.3929443359375,"orthographic":true}