{"cameraMode":{"drawMode":0,"name":"Shaded","section":"Shading Mode"},"sceneLighting":true,"audioPlay":false,"sceneViewState":{"m_AlwaysRefresh":false,"showFog":true,"showSkybox":true,"showFlares":true,"showImageEffects":true,"showParticleSystems":true,"showVisualEffectGraphs":true,"m_FxEnabled":true},"in2DMode":false,"pivot":{"x":481.53131103515627,"y":1003.494384765625,"z":91.8582763671875},"rotation":{"x":-0.15240362286567689,"y":0.0014824776444584132,"z":0.00022860577155370265,"w":0.9883172512054443},"size":502.0699768066406,"orthographic":true}